<?xml version="1.0" encoding="UTF-8"?>
<OpenSearchDescription xmlns="http://a9.com/-/spec/opensearch/1.1/"
                       xmlns:moz="http://www.mozilla.org/2006/browser/search/">
  <ShortName>山西农业大学嵌入式实验室</ShortName>
  <Description>Search 山西农业大学嵌入式实验室</Description>
  <InputEncoding>UTF-8</InputEncoding>
  <Image width="16" height="16" type="image/x-icon">https://kuizuo.cn/img/LabIconss.png</Image>
  <Url type="text/html" method="get" template="https://kuizuo.cn/search?q={searchTerms}"/>
  <Url type="application/opensearchdescription+xml" rel="self" template="https://kuizuo.cn/opensearch.xml" />
  <moz:SearchForm>https://kuizuo.cn/</moz:SearchForm>
</OpenSearchDescription>